epoch,loss,lr,weight_decay,momentum,train_epoch_s,train_s,step_ms,teacher_update_ms,train_peak_vram_mb,adaptive_updates,gap_front,ratio_front,raw_ratio_front,a_front,clip_low_front,clip_high_front,gap_back,ratio_back,raw_ratio_back,a_back,clip_low_back,clip_high_back,gap_head,ratio_head,raw_ratio_head,a_head,clip_low_head,clip_high_head,teacher_gap_ms,teacher_coefficient_ms,teacher_ema_ms,teacher_algorithm_ms,teacher_diagnostic_ms,eval_s,wall_s,teacher_knn,teacher_feature_variance,teacher_entropy_individual,teacher_entropy_batch,student_knn,student_feature_variance,student_entropy_individual,student_entropy_batch,cls_cosine_gap,eval_epoch_s
1,8.152768862553131,1.2427838357921745e-05,0.04008769541091284,0.9960009743934546,51.83634776700637,51.83634776700637,199.27215414151223,22.608699345791813,3651.54541015625,0,0.0014492830213827964,1.0,1.0,0.003999674167388525,0.0,0.0,0.0015252201029887567,1.0,1.0,0.003999674167388525,0.0,0.0,0.0033769989625001564,1.0,1.0,0.003999674167388525,0.0,0.0,16.212824519103517,0.04436819131698053,5.799470904607099,5.843839095924079,16.660478224833078,0.0,51.83899791799195,,,,,,,,,,
2,7.910103715383089,2.4935856318152662e-05,0.04035296165826757,0.996003921796203,51.62528256099904,103.46163032800541,196.57086302611742,21.81868445479314,3659.04541015625,0,0.004125026556161733,1.0,1.0,0.003997706067867768,0.0,0.0,0.003933268097730784,1.0,1.0,0.003997706067867768,0.0,0.0,0.0172043794240707,1.0,1.0,0.003997706067867768,0.0,0.0,15.539625070325714,0.042554146952730104,5.690624262616695,5.733178409569425,15.98063610920993,0.0,103.74342112499289,,,,,,,,,,
3,7.858888231790983,3.744387427838358e-05,0.04079554057321083,0.9960088393397023,53.49851045499963,156.96014078300504,196.8310906283874,22.05167341684827,3659.04541015625,0,0.006674622878050193,1.0,1.0,0.003993766812177805,0.0,0.0,0.005901638896037371,1.0,1.0,0.003993766812177805,0.0,0.0,0.026686732585613545,1.0,1.0,0.003993766812177805,0.0,0.0,15.727451910863284,0.043832455188609086,5.729861314671908,5.773693769860517,16.172231365299712,0.0,157.69482361299742,,,,,,,,,,
4,7.95907749579503,4.99518922386145e-05,0.04141499532778958,0.9960157221703088,51.684951802002615,208.64509258500766,197.38773374998485,21.872117807036446,3659.04541015625,0,0.010363800403399345,1.0,1.0,0.003987859839048141,0.0,0.0,0.009456895100764738,1.0,1.0,0.003987859839048141,0.0,0.0,0.021740204248672877,1.0,1.0,0.003987859839048141,0.0,0.0,15.596242435537697,0.04307521120585406,5.689646884069916,5.732722095275769,16.034575653742277,0.0,209.83446256199386,,,,,,,,,,
5,7.943449915983738,6.245991019884542e-05,0.042210714516572434,0.9960245634946285,51.96067219800898,260.60576478301664,197.9961048522315,22.14744410911151,3659.04541015625,0,0.013862696977762075,1.0,1.0,0.003979993172180958,0.0,0.0,0.013911977792397523,1.0,1.0,0.003979993172180958,0.0,0.0,0.019195197484432124,1.0,1.0,0.003979993172180958,0.0,0.0,15.793856083268437,0.04434526878564308,5.761730191947068,5.806075460732711,16.235315371047292,10.856982348006568,273.1031117019884,28.04,0.003300911048427224,7.332518788146973,8.091785430908203,29.14,0.0033205896615982056,6.944556207275391,7.822046756744385,0.028533194214105606,10.856982348006568
6,7.898607107309195,7.496792815907633e-05,0.043181912760110186,0.9960353545862235,51.551719579001656,312.1574843620183,197.96384230059442,21.528496628142864,3659.04541015625,0,0.016823401817908652,1.0,1.0,0.0039701694861436505,0.0,0.0,0.01815350544758332,1.0,1.0,0.0039701694861436505,0.0,0.0,0.018395374982784957,1.0,1.0,0.0039701694861436505,0.0,0.0,15.309133499286895,0.04258542237669015,5.638866614903329,5.681452037280019,15.742957480259252,10.856982348006568,325.1004002389964,,,,,,,,,,
7,7.804405319385039,8.747594611930725e-05,0.0443276314801101,0.9960480847942235,51.9923891669896,364.1498735290079,197.62034681340222,21.89534528168644,3659.04541015625,0,0.019228354478493716,1.0,1.0,0.003958399861286848,0.0,0.0,0.020272204509148233,1.0,1.0,0.003958399861286848,0.0,0.0,0.019359030784704745,1.0,1.0,0.003958399861286848,0.0,0.0,15.580426685165804,0.04406759622864998,5.720858673624043,5.764926269852694,16.023602492984935,10.856982348006568,377.54345161499805,,,,,,,,,,
8,7.706363971416767,9.998396407953817e-05,0.04564673984555806,0.9960627415538396,51.793124478004756,415.94299800701265,197.65498900083819,22.002120435037142,3659.04541015625,0,0.020276884237925213,1.0,1.0,0.003944699962933858,0.0,0.0,0.019414265950520832,1.0,1.0,0.003944699962933858,0.0,0.0,0.02110473009256216,1.0,1.0,0.003944699962933858,0.0,0.0,15.689237609013873,0.04263632777460421,5.723279660369138,5.7659159881437425,16.1302606030427,10.856982348006568,429.78377639799146,,,,,,,,,,
9,7.6283029440121775,0.00011249198203976909,0.04713793588885534,0.9960793103987651,51.5801734340057,467.52317144101835,197.54335451962572,21.948662589868317,3659.04541015625,0,0.021350897275484525,1.0,1.0,0.0039290793431110875,0.0,0.0,0.019359750625414725,1.0,1.0,0.0039290793431110875,0.0,0.0,0.023926126651274852,1.0,1.0,0.0039290793431110875,0.0,0.0,15.659837185805186,0.043296493692114614,5.699546666456183,5.742843160148298,16.10020746766867,10.856982348006568,481.8309836069966,,,,,,,,,,
10,7.549291534301562,0.000125,0.04879974779086832,0.996097774975454,51.943483035996906,519.4666544770153,197.86814564045366,21.888678449426944,3659.04541015625,0,0.022428313891092937,1.0,1.0,0.003911555959628179,0.0,0.0,0.019652776229075897,1.0,1.0,0.003911555959628179,0.0,0.0,0.02587868922796005,1.0,1.0,0.003911555959628179,0.0,0.0,15.596075340559205,0.04361783402810733,5.6991724417550875,5.742790275783195,16.039508270459454,21.744744623007136,545.1141236679978,31.26,0.004038413055241108,6.6049374542236325,7.930288791656494,32.22,0.003994759637862444,6.31100852355957,7.796393871307373,0.02715921588242054,10.887762275000568
11,7.485169557424692,0.0001249627085778048,0.050630535333622495,0.9961181170592625,51.69181721798668,571.1584716950019,198.41830296149382,21.657105929383153,3659.04541015625,0,0.023392000259497225,1.0,1.0,0.0038921435674031577,0.0,0.0,0.0196338754433852,1.0,1.0,0.0038921435674031577,0.0,0.0,0.02750852780464368,1.0,1.0,0.0038921435674031577,0.0,0.0,15.43173101219089,0.042551686093270875,5.641539871132222,5.684091557225493,15.868954153306849,21.744744623007136,597.915995465999,,,,,,,,,,
12,7.436718222422478,0.00012484991593827394,0.05262849151920668,0.9961403165724356,51.919811118001235,623.0782828130032,198.06477189698714,21.8777761537916,3659.04541015625,0,0.02375736450537657,1.0,1.0,0.0038708666196236243,0.0,0.0,0.020220770285679743,1.0,1.0,0.0038708666196236243,0.0,0.0,0.02790366991972312,1.0,1.0,0.0038708666196236243,0.0,0.0,15.574240787548032,0.04309324961072073,5.714162615428601,5.757255865039322,16.013784261210674,21.744744623007136,650.2843114849966,,,,,,,,,,
13,7.335007184591049,0.00012466175796909193,0.05479164435329115,0.9961643516039255,52.18410383099399,675.2623866439972,198.17327192373713,21.932103851539953,3659.04541015625,0,0.02373689718735524,1.0,1.0,0.003847741927856054,0.0,0.0,0.02023020463112073,1.0,1.0,0.003847741927856054,0.0,0.0,0.02939451046479054,1.0,1.0,0.003847741927856054,0.0,0.0,15.64179161561277,0.04333980840060693,5.696432525907697,5.739772334308304,16.08485671059521,21.744744623007136,702.9248680279998,,,,,,,,,,
14,7.257052583572192,0.0001243984639444164,0.057117858791496945,0.9961901984310166,51.82699117899756,727.0893778229947,197.48227705787986,21.758351102900445,3659.04541015625,0,0.023786297211280234,1.0,1.0,0.0038227920348827657,0.0,0.0,0.02021313019287892,1.0,1.0,0.0038227920348827657,0.0,0.0,0.030420398100828513,1.0,1.0,0.0038227920348827657,0.0,0.0,15.490321461047875,0.04266360254125455,5.678527743816048,5.721191346357302,15.931755256389852,21.744744623007136,755.2156106129987,,,,,,,,,,
15,7.201544624108535,0.00012406035469315492,0.059604838846696984,0.9962178315427411,52.078244835996884,779.1676226589916,197.72438660276327,21.928426365588958,3659.04541015625,0,0.023605115902729523,1.0,1.0,0.00379604330429664,0.0,0.0,0.020190987831506975,1.0,1.0,0.00379604330429664,0.0,0.0,0.031131389813545424,1.0,1.0,0.00379604330429664,0.0,0.0,15.649060793900086,0.04325913454149253,5.689911904109743,5.733171038651236,16.089489922589376,32.63267511200684,818.6442604679905,34.3,0.004177895374596119,5.860920846557617,7.771905899047852,35.62,0.0040825423784554005,5.364521946716309,7.459686756134033,0.03717345744371414,10.8879304889997
16,7.107260807966575,0.0001236478422080288,0.062250129855169145,0.9962472236650575,51.915788202008116,831.0834108609997,195.41986088444946,21.873896197995727,3659.04541015625,0,0.023621895374395907,1.0,1.0,0.003767524010095841,0.0,0.0,0.02021191364679581,1.0,1.0,0.003767524010095841,0.0,0.0,0.03284560105739496,1.0,1.0,0.003767524010095841,0.0,0.0,15.6149316861933,0.042798673045278214,5.673623987464593,5.7164226605098705,16.051215071060234,32.63267511200684,871.0049102239864,,,,,,,,,,
17,7.026273761040125,0.00012316142914355188,0.0650511208993631,0.9962783457877707,51.715342287992826,882.7987531489925,197.78626590320923,22.16602937775091,3659.04541015625,0,0.02329891461592454,1.0,1.0,0.0037372574592247987,0.0,0.0,0.01980343384620471,1.0,1.0,0.0037372574592247987,0.0,0.0,0.033889373143514,1.0,1.0,0.0037372574592247987,0.0,0.0,15.820608666287557,0.0435592761884133,5.758576672610033,5.802135948798446,16.25836161474581,32.63267511200684,923.1699176629918,,,,,,,,,,
18,6.945933390886355,0.0001226017082035362,0.06800504738489138,0.9963111671931655,51.967866776001756,934.7666199249943,198.4101974677544,21.903567885321817,3659.04541015625,0,0.02265315178113106,1.0,1.0,0.003705278803140689,0.0,0.0,0.01959295303393633,1.0,1.0,0.003705278803140689,0.0,0.0,0.035329219622489735,1.0,1.0,0.003705278803140689,0.0,0.0,15.559136262685897,0.04507636530877043,5.75648965978195,5.80156602509072,15.9972802374306,32.63267511200684,975.5821503589978,,,,,,,,,,
19,6.838294542752779,0.0001219693614188708,0.07110899376919982,0.9963456554863245,51.71759345199098,986.4842133769853,197.59420103162904,21.944952609397333,3659.04541015625,0,0.02240943755858984,1.0,1.0,0.00367161478751745,0.0,0.0,0.018787278578831598,1.0,1.0,0.00367161478751745,0.0,0.0,0.03569435461973532,1.0,1.0,0.00367161478751745,0.0,0.0,15.64342578188725,0.04308518635718009,5.715320916165067,5.758406102522247,16.081467204527982,32.63267511200684,1027.7559033059952,,,,,,,,,,
20,6.758424037542099,0.00012126515931645388,0.07435989643922508,0.9963817766271025,52.049776245999965,1038.5339896229852,197.4720023844827,21.761168051549856,3659.04541015625,0,0.021995451205816023,1.0,1.0,0.0036363028562985933,0.0,0.0,0.018507103125254314,1.0,1.0,0.0036363028562985933,0.0,0.0,0.03614708399161314,1.0,1.0,0.0036363028562985933,0.0,0.0,15.508652717518345,0.04294960243173708,5.669486205405496,5.712435807837233,15.94413624321206,43.48553103800805,1091.1228070199868,38.28,0.004043416120111942,5.095368634033203,7.5594611167907715,38.72,0.003944868687540293,4.563994708251953,7.208595275878906,0.018667278811335564,10.852855926001212
21,6.67207057048113,0.00012048995998029067,0.07775454673519838,0.9964194949637244,51.89576590800425,1090.4297555309895,197.2178620564638,22.670951762754555,3659.23291015625,0,0.021808057259290647,1.0,1.0,0.003599375868454958,0.0,0.0,0.01865313756160247,1.0,1.0,0.003599375868454958,0.0,0.0,0.036630780268938117,1.0,1.0,0.003599375868454958,0.0,0.0,16.215195685314637,0.04335164703661576,5.864091814892629,5.907443461929245,16.65816985134883,43.48553103800805,1143.0208910449874,,,,,,,,,,
22,6.594219385049282,0.00011964470800590124,0.08128959411761155,0.9964587732679735,51.882752342004096,1142.3125078729936,197.21226116682652,22.20310662232805,3659.23291015625,0,0.0212590373479403,1.0,1.0,0.003560868211281605,0.0,0.0,0.018614839284847945,1.0,1.0,0.003560868211281605,0.0,0.0,0.03734459632482284,1.0,1.0,0.003560868211281605,0.0,0.0,15.790580768691889,0.042724603143795274,5.822525417151598,5.865250020295393,16.232751487479664,43.48553103800805,1196.0067141029867,,,,,,,,,,
23,6.517276403231499,0.00011873043334931261,0.08496154947421863,0.9964995727719358,53.643660822999664,1195.9561686959933,196.93168937112952,22.182278937133304,3659.23291015625,0,0.02090307076772054,1.0,1.0,0.0035208211495326115,0.0,0.0,0.01857704535508767,1.0,1.0,0.0035208211495326115,0.0,0.0,0.0381016731262207,1.0,1.0,0.0035208211495326115,0.0,0.0,15.67548216683999,0.04361541076109578,5.9104356674092395,5.954051078170335,16.1212300001166,43.48553103800805,1250.1061588989687,,,,,,,,,,
24,6.413645738210434,0.00011774825007203704,0.08876678856380993,0.9965418532062645,52.28621291302261,1248.2423816090159,197.90802544743295,22.41009846590877,3659.23291015625,0,0.020580178652054224,1.0,1.0,0.003479273273394658,0.0,0.0,0.018567881523034513,1.0,1.0,0.003479273273394658,0.0,0.0,0.0389401301359519,1.0,1.0,0.003479273273394658,0.0,0.0,15.922388767089265,0.043284620728510886,5.8932742232662765,5.936558843994788,16.36711990767463,43.48553103800805,1302.8558885270031,,,,,,,,,,
25,6.337916973309639,0.00011669935498356647,0.09270155559335924,0.9965855728399262,51.96752482900047,1300.2099064380163,197.27302746151764,22.51585335239398,3659.23291015625,0,0.020064693230849046,1.0,1.0,0.003436264319297595,0.0,0.0,0.01829871764549842,1.0,1.0,0.003436264319297595,0.0,0.0,0.03966225416232378,1.0,1.0,0.003436264319297595,0.0,0.0,16.006424917111126,0.04470673015114302,5.907744307478424,5.952451037629567,16.456536097207273,54.442833419991075,1366.239188469015,40.04,0.00397312780842185,4.4036816940307615,7.332979202270508,40.2,0.003952533006668091,4.007974475097656,7.152425765991211,0.012868921272456646,10.957302381983027
26,6.267091051126138,0.00011558502618303671,0.09676196692501321,0.996630688521389,51.69100610798341,1351.9009125459997,196.60315811537052,22.171957178962213,3659.23291015625,0,0.019642541041741006,1.0,1.0,0.00339183937280606,0.0,0.0,0.018290207936213568,1.0,1.0,0.00339183937280606,0.0,0.0,0.040031271103100896,1.0,1.0,0.00339183937280606,0.0,0.0,15.766150626847939,0.04294521745461493,5.815057354107594,5.85800257156221,16.207202493089238,54.442833419991075,1418.3957790319691,,,,,,,,,,
27,6.1991067085510645,0.00011440662150183879,0.10094401490926441,0.9966771557212141,52.40980018599657,1404.3107127319963,198.12482798125785,22.039043571007475,3659.23291015625,0,0.0194701048044058,1.0,1.0,0.0033460381703499034,0.0,0.0,0.018342863290737838,1.0,1.0,0.0033460381703499034,0.0,0.0,0.04044446578392616,1.0,1.0,0.0033460381703499034,0.0,0.0,15.628700263243026,0.04277216010870269,5.812511051212473,5.855283211321176,16.07630631378225,54.442833419991075,1471.2596870549605,,,,,,,,,,
28,6.123414534788865,0.00011316557684907482,0.10524357184052457,0.9967249285760058,52.03008725499967,1456.340799986996,197.30203608327056,22.09907110936444,3659.23291015625,0,0.019194213243631218,1.0,1.0,0.003298911528709607,0.0,0.0,0.018191696741642095,1.0,1.0,0.003298911528709607,0.0,0.0,0.041208346684773765,1.0,1.0,0.003298911528709607,0.0,0.0,15.706713339918329,0.04259926936356351,5.8051198140721025,5.847719083435666,16.146253563653236,54.442833419991075,1523.7556773750111,,,,,,,,,,
29,6.047725011140872,0.00011186340446187473,0.10965639403119404,0.9967739599336799,51.95486857401556,1508.2956685610116,197.466983270715,22.181273204272983,3659.23291015625,0,0.01902269247250679,1.0,1.0,0.0032505026230445276,0.0,0.0,0.018138637909522422,1.0,1.0,0.0032505026230445276,0.0,0.0,0.041374860665737055,1.0,1.0,0.0032505026230445276,0.0,0.0,15.793185846772618,0.04276606509497819,5.802727345816003,5.845493410910981,16.23184402687445,54.442833419991075,1576.171109160001,,,,,,,,,,
30,5.9684909123640795,0.00011050169106270595,0.11417812600020594,0.9968242014000023,52.1451781289943,1560.4408466900059,197.53612362864004,21.87935456235069,3659.23291015625,0,0.018708053307655532,1.0,1.0,0.003200856921000358,0.0,0.0,0.018039402289268296,1.0,1.0,0.003200856921000358,0.0,0.0,0.04200422763824463,1.0,1.0,0.003200856921000358,0.0,0.0,15.53091908434185,0.0425823665677737,5.76480805205229,5.807390418620064,15.968010622787123,65.43400370697782,1639.758786374994,41.78,0.00392361544072628,3.8127643829345703,7.125004768371582,42.4,0.003826456842944026,3.514363798522949,6.951977729797363,0.013826067559421062,10.991170286986744
31,5.898186497199229,0.00010908209592592089,0.11880430477191117,0.9968756033863546,52.09323418801068,1612.5340808780165,198.16137217332232,22.282702903537892,3659.23291015625,0,0.018569756776858598,1.0,1.0,0.0031500277228844473,0.0,0.0,0.01771993820483868,1.0,1.0,0.0031500277228844473,0.0,0.0,0.04266357727539845,1.0,1.0,0.0031500277228844473,0.0,0.0,15.837082982052847,0.043378498864909396,5.85024001338752,5.893618512252429,16.281812571739863,65.43400370697782,1692.3104785319883,,,,,,,,,,
32,5.83023740695073,0.00010760634885589897,0.12353036428106134,0.9969281151586784,53.62966001499444,1666.163740893011,197.6265703905926,22.188857519396176,3659.23291015625,0,0.01840439973733364,1.0,1.0,0.0030980631709098816,0.0,0.0,0.017533192267784707,1.0,1.0,0.0030980631709098816,0.0,0.0,0.04321285700186705,1.0,1.0,0.0030980631709098816,0.0,0.0,15.71698557754877,0.043324974308817245,5.874713807059332,5.91803878136815,16.1645124548485,65.43400370697782,1746.394781660987,,,,,,,,,,
33,5.771492279492891,0.00010607624807924613,0.12835163987954157,0.9969816848875505,51.73219347599661,1717.8959343690076,198.1090936729183,21.816494674474086,3659.23291015625,0,0.01839286853105594,1.0,1.0,0.0030450140818571434,0.0,0.0,0.017533637010134183,1.0,1.0,0.0030450140818571434,0.0,0.0,0.04359932434864533,1.0,1.0,0.0030450140818571434,0.0,0.0,15.466972179218338,0.04269665245933888,5.76366234506564,5.8063589975249785,15.904594153443423,65.43400370697782,1798.578658355982,,,,,,,,,,
34,5.705358627514961,0.00010449365805362054,0.13326337294040508,0.9970362596993378,52.002034579985775,1769.8979689489934,197.92777728845323,22.123035653539073,3659.23291015625,0,0.018142324227553148,1.0,1.0,0.002990934329155164,0.0,0.0,0.017539088542644795,1.0,1.0,0.002990934329155164,0.0,0.0,0.04437441703600761,1.0,1.0,0.002990934329155164,0.0,0.0,15.729912411002143,0.04287485260134324,5.8063725149482845,5.849247367549628,16.16919184034953,65.43400370697782,1851.0637597679743,,,,,,,,,,
35,5.6420697799095745,0.00010286050719585473,0.13826071555466585,0.9970917857283852,51.97967616398819,1821.8776451129816,197.35779553929416,21.80005292794727,3659.23291015625,0,0.01803879248790252,1.0,1.0,0.002935876448949178,0.0,0.0,0.01750073830286662,1.0,1.0,0.002935876448949178,0.0,0.0,0.044507778607881986,1.0,1.0,0.002935876448949178,0.0,0.0,15.474895183825328,0.042877916152624845,5.74308367280397,5.785961588956595,15.909877337085513,76.44103039697802,1914.5038981289836,43.26,0.003852567868307233,3.3419317916870117,6.958721160888672,43.7,0.003776926314458251,2.977383795166016,6.705070495605469,0.017081139609217644,11.007026690000203
36,5.590245405832927,0.00010117878553214192,0.14333873531621255,0.9971482081701801,51.785416724014794,1873.6630618369963,198.87471432743135,22.345545743845808,3659.23291015625,0,0.017676009581639215,1.0,1.0,0.0028798946967491736,0.0,0.0,0.01748372346926958,1.0,1.0,0.0028798946967491736,0.0,0.0,0.044878207720243014,1.0,1.0,0.0028798946967491736,0.0,0.0,15.902779537823218,0.04375130568708604,5.84884679474038,5.892598100427467,16.345785827023718,76.44103039697802,1966.7357690230128,,,,,,,,,,
37,5.523029584151048,9.945054227315028e-05,0.1484924201901222,0.9972054713354458,52.00558716800879,1925.6686490050051,198.20377435247886,22.296162943604987,3659.23291015625,0,0.017542461554209392,1.0,1.0,0.0028230446653488353,0.0,0.0,0.017288698599888727,1.0,1.0,0.0028230446653488353,0.0,0.0,0.04497825793730907,1.0,1.0,0.0028230446653488353,0.0,0.0,15.866229485814424,0.043287057241496556,5.839334339469086,5.882621396710583,16.307504318553047,76.44103039697802,2019.606523961993,,,,,,,,,,
38,5.457371302140065,9.767788331701981e-05,0.15371668345956746,0.9972635187051063,52.023313468991546,1977.6919624739967,197.9930408081437,22.012525108808543,3659.23291015625,0,0.017322158202146873,1.0,1.0,0.0027653817565013203,0.0,0.0,0.01704784692862095,1.0,1.0,0.0027653817565013203,0.0,0.0,0.0457602341969808,1.0,1.0,0.0027653817565013203,0.0,0.0,15.639510519320492,0.04306591010670392,5.785810501084854,5.828876411191558,16.078195865236175,76.44103039697802,2072.074950457958,,,,,,,,,,
39,5.409061875098791,9.586296868328422e-05,0.15900636874643587,0.9973222929860716,51.993034629995236,2029.684997103992,198.3606161604537,22.0747889416555,3659.23291015625,0,0.017142220949515317,1.0,1.0,0.002706964428608234,0.0,0.0,0.01699301676872449,1.0,1.0,0.002706964428608234,0.0,0.0,0.04579428526071402,1.0,1.0,0.002706964428608234,0.0,0.0,15.626341186222048,0.0436343394446736,5.848199731143466,5.89183407058814,16.07546306909987,76.44103039697802,2124.523059633968,,,,,,,,,,
40,5.3509937066298265,9.400800988084511e-05,0.16435625510070462,0.9973817361677856,52.29474548299913,2081.979742586991,198.65652303381538,21.84290131359982,3659.23291015625,0,0.017095671250269964,1.0,1.0,0.002647847892382206,0.0,0.0,0.016868985616243802,1.0,1.0,0.002647847892382206,0.0,0.0,0.04650403597416022,1.0,1.0,0.002647847892382206,0.0,0.0,15.500422167511156,0.04293744188124457,5.756277781657468,5.799215223538713,15.938812898149571,87.63806796497374,2188.464105209976,44.98,0.003822235157713294,2.9709010551452635,6.829452037811279,45.46,0.003648237092420459,2.7947063034057615,6.721247673034668,0.01346324011683464,11.197037567995721
41,5.307919734563583,9.211526721320517e-05,0.16976106215354864,0.9974417895794838,52.05023461600649,2134.0299772029975,198.2049931526163,22.21674676417397,3659.23291015625,0,0.016600527824499667,1.0,1.0,0.002588092707670652,0.0,0.0,0.016619370533869818,1.0,1.0,0.002588092707670652,0.0,0.0,0.04666052109155899,1.0,1.0,0.002588092707670652,0.0,0.0,15.827490806725855,0.04274207700897629,5.802373135968362,5.845115212977339,16.266960191364305,87.63806796497374,2240.9703961630003,,,,,,,,,,
42,5.260609871301895,9.018704702424422e-05,0.17521545532909524,0.997502393948101,52.19564282600186,2186.2256200289994,196.944555338399,22.15973055214048,3659.23291015625,0,0.0163614123295515,1.0,1.0,0.002527757332875178,0.0,0.0,0.016570435120509222,1.0,1.0,0.002527757332875178,0.0,0.0,0.04703570634890825,1.0,1.0,0.002527757332875178,0.0,0.0,15.74701901326756,0.04450372515025382,5.823355974989215,5.867859700139468,16.187386537822956,87.63806796497374,2293.6374362119823,,,,,,,,,,
43,5.217100922877972,8.822569888789415e-05,0.1807140511096813,0.9975634894567742,51.83824563000235,2238.0638656590017,196.72279594837724,22.01747805109988,3659.23291015625,0,0.016332890742864363,1.0,1.0,0.0024669006084784484,0.0,0.0,0.01636352294530624,1.0,1.0,0.0024669006084784484,0.0,0.0,0.047458083201677374,1.0,1.0,0.0024669006084784484,0.0,0.0,15.626609993117969,0.042878691508518293,5.804884312592315,5.847763004100834,16.06451710092817,87.63806796497374,2345.9162024909747,,,,,,,,,,
44,5.191366458550478,8.623361274513738e-05,0.1862514223494166,0.9976250158038824,51.9953708529938,2290.0592365119956,198.14483516025714,22.465142654441596,3659.23291015625,0,0.01642817564499684,1.0,1.0,0.0024055838584899902,0.0,0.0,0.01642148616986397,1.0,1.0,0.0024055838584899902,0.0,0.0,0.04847192152952536,1.0,1.0,0.0024055838584899902,0.0,0.0,16.00498183968459,0.046652563562533125,5.865418511138369,5.912071074700902,16.447281569969327,87.63806796497374,2398.3730945779826,,,,,,,,,,
45,5.157170292658684,8.421321599181692e-05,0.19182210363080796,0.9976869122625646,51.72878461799701,2341.7880211299926,197.78444570487736,21.69485686523004,3659.23291015625,0,0.01629058214334341,1.0,1.0,0.002343865923392467,0.0,0.0,0.01621782321196336,1.0,1.0,0.002343865923392467,0.0,0.0,0.04830012566004044,1.0,1.0,0.002343865923392467,0.0,0.0,15.390050954197367,0.04384611551918519,5.724304820409415,5.7681509359286,15.823265792278107,98.57353278297524,2461.4913771689753,46.96,0.003806731663644314,2.7082977653503417,6.7539472579956055,46.78,0.003727789968252182,2.5146740840911863,6.579561233520508,0.011759151704609394,10.935464818001492
46,5.121228911937812,8.216697052080737e-05,0.19742059665915804,0.9977491177406573,51.92040083100437,2393.708421960997,199.1665873453409,22.215896410321314,3659.23291015625,0,0.016177113239581768,1.0,1.0,0.0022818090823980477,0.0,0.0,0.01606266315166767,1.0,1.0,0.0022818090823980477,0.0,0.0,0.048473260341546476,1.0,1.0,0.0022818090823980477,0.0,0.0,15.814161468043517,0.04301959136053203,5.812459833881197,5.855479425241729,16.254540769762407,98.57353278297524,2513.874602825963,,,,,,,,,,
47,5.0882176619309645,8.009736972215024e-05,0.20304137568941427,0.9978115708409935,52.45569392098696,2446.164115881984,197.88474571900085,22.08534033893673,3659.23291015625,0,0.015948968055920724,1.0,1.0,0.0022194733222325644,0.0,0.0,0.015995448980575953,1.0,1.0,0.0022194733222325644,0.0,0.0,0.04922600892873911,1.0,1.0,0.0022194733222325644,0.0,0.0,15.71534121821736,0.042683963189259745,5.783210883517033,5.8258948467062925,16.15569135901751,98.57353278297524,2566.799196287,,,,,,,,,,
48,5.046576493825668,7.80069354448096e-05,0.20867889298011114,0.9978742099220013,52.28173783898819,2498.445853720972,198.3960536795516,22.0690952884093,3659.23291015625,0,0.015858564621362932,1.0,1.0,0.0021569220683513544,0.0,0.0,0.015847543875376385,1.0,1.0,0.0021569220683513544,0.0,0.0,0.04941474780058249,1.0,1.0,0.0021569220683513544,0.0,0.0,15.669656449179643,0.04265364744545271,5.804120801398172,5.846774448843625,16.116764379265266,98.57353278297524,2619.539163703972,,,,,,,,,,
49,5.015736998655857,7.589821492374988e-05,0.21432758426902293,0.9979369731585447,52.35940292599844,2550.8052566469705,198.6806119121656,22.202473036229957,3659.23291015625,0,0.015584664467053536,1.0,1.0,0.0020942139701965526,0.0,0.0,0.015685252654246796,1.0,1.0,0.0020942139701965526,0.0,0.0,0.04977250099182129,1.0,1.0,0.0020942139701965526,0.0,0.0,15.752522917374826,0.04348447523975315,5.8606352568648825,5.904119732104636,16.192877150434725,98.57353278297524,2672.368557829992,,,,,,,,,,
50,4.980200633024558,7.377377767608038e-05,0.21998187426512306,0.9979997986029459,51.860775452980306,2602.666032099951,198.2196752184954,22.11965856352039,3659.23291015625,0,0.015495029779580923,1.0,1.0,0.002031415318831419,0.0,0.0,0.015588156687907683,1.0,1.0,0.002031415318831419,0.0,0.0,0.05024766005002535,1.0,1.0,0.002031415318831419,0.0,0.0,15.732970540389383,0.04272737211207501,5.797539519568463,5.840266891680538,16.17438447637818,109.57508523897559,2735.700603791978,47.58,0.0037785926833748817,2.481728887939453,6.672256946563721,48.5,0.0037486685905605555,2.334076895904541,6.566723823547363,0.01266508363187313,11.001552456000354
51,4.948875213280703,7.163621237004851e-05,0.22563618215142853,0.998062624246127,52.033531799999764,2654.6995638999506,198.49359772491974,22.04140544292899,3659.23291015625,0,0.015388589638930101,1.0,1.0,0.001968584954738617,0.0,0.0,0.015469242364932329,1.0,1.0,0.001968584954738617,0.0,0.0,0.05043101616394825,1.0,1.0,0.001968584954738617,0.0,0.0,15.61339411721117,0.043758549742424525,5.839757480619785,5.88351603036221,16.053657773180674,109.57508523897559,2788.189102304983,,,,,,,,,,
52,4.936004232137631,6.948812367069697e-05,0.23128492709329856,0.9981253880788145,52.12545165402116,2706.8250155539718,198.27992535302212,22.255999453661317,3659.23291015625,0,0.015306254227956137,1.0,1.0,0.0019057830556845053,0.0,0.0,0.01548861081783588,1.0,1.0,0.0019057830556845053,0.0,0.0,0.05050224524277907,1.0,1.0,0.0019057830556845053,0.0,0.0,15.783658595748234,0.04328258271412685,5.873053141187531,5.916335723901657,16.233361230264656,109.57508523897559,2840.7790820809896,,,,,,,,,,
53,4.90809069841336,6.733212906602868e-05,0.23692253374675087,0.9981880281527417,52.33054186400841,2759.15555741798,199.1839987434408,21.979044512987365,3659.23291015625,0,0.015227016730186267,1.0,1.0,0.0018430782052186818,0.0,0.0,0.015199078963353084,1.0,1.0,0.0018430782052186818,0.0,0.0,0.05046660472185184,1.0,1.0,0.0018430782052186818,0.0,0.0,15.606890896705385,0.042691980921424545,5.778929672744245,5.821621653665669,16.051716997119513,109.57508523897559,2893.5811108269845,,,,,,,,,,
54,4.858007788658142,6.517085567754636e-05,0.24254343776135812,0.9982504826417928,52.180907020985615,2811.336464438966,198.18304657084622,22.19287719960378,3659.23291015625,0,0.01518309574860793,1.0,1.0,0.0017805263782158876,0.0,0.0,0.015086828133998772,1.0,1.0,0.0017805263782158876,0.0,0.0,0.05082690715789795,1.0,1.0,0.0017805263782158876,0.0,0.0,15.807201179156367,0.04288176998484115,5.796850236387959,5.839732006372801,16.246974146036873,109.57508523897559,2946.216440299002,,,,,,,,,,
55,4.845428051092686,6.300693705905393e-05,0.24814209127229445,0.9983126899030255,52.143015483015915,2863.4794799219817,197.51374203340862,21.999868135212754,3659.23291015625,0,0.015012831259996463,1.0,1.0,0.0017181910001314604,0.0,0.0,0.014912637380453257,1.0,1.0,0.0017181910001314604,0.0,0.0,0.050884078710507125,1.0,1.0,0.0017181910001314604,0.0,0.0,15.614157752283157,0.04248814105103987,5.8034711171505755,5.845959258201615,16.04997740688328,120.51982474197575,3009.9146738959826,48.22,0.003762859618291259,2.355080248260498,6.659087181091309,48.4,0.003758361330255866,2.237034461212158,6.606071472167969,0.009445092640817165,10.944739503000164
56,4.814086269109677,6.0843009987619645e-05,0.2537129683761101,0.9983745885375124,52.21660494801472,2915.6960848699964,198.4526115189417,22.117313653348575,3659.23291015625,0,0.014883684806334667,1.0,1.0,0.0016561343501775693,0.0,0.0,0.014753355429722713,1.0,1.0,0.0016561343501775693,0.0,0.0,0.051017336356334195,1.0,1.0,0.0016561343501775693,0.0,0.0,15.724420760353752,0.04338735818283823,5.804122372818454,5.847509731001292,16.165500136990794,120.51982474197575,3062.5820028450107,,,,,,,,,,
57,4.812427639961243,5.868171125061188e-05,0.25925057058483003,0.9984361174509425,52.061794249981176,2967.7578791199776,199.08503742846779,22.462091787765996,3659.23291015625,0,0.014696969435765194,1.0,1.0,0.0015944160329989898,0.0,0.0,0.014746494782276643,1.0,1.0,0.0015944160329989898,0.0,0.0,0.050821072016006864,1.0,1.0,0.0015944160329989898,0.0,0.0,15.977670142139033,0.04402594286381291,5.887776839909538,5.93180278277335,16.423933469923213,120.51982474197575,3115.113145211013,,,,,,,,,,
58,4.797498754965953,5.6525674432722186e-05,0.2647494322529932,0.9984972159139222,52.743341330991825,3020.5012204509694,198.29438083345454,22.24321819122475,3659.23291015625,0,0.014478087425231934,1.0,1.0,0.0015330989009294754,0.0,0.0,0.01460417723044371,1.0,1.0,0.0015330989009294754,0.0,0.0,0.05068728251334948,1.0,1.0,0.0015330989009294754,0.0,0.0,15.83001139769271,0.04284248205248076,5.819434121897361,5.862276603949842,16.273925564653325,120.51982474197575,3168.2909783700015,,,,,,,,,,
59,4.764260943119343,5.437752670689097e-05,0.2702041259722767,0.9985578236219141,53.69597119197715,3074.1971916429466,198.0147349028042,22.10026911686724,3659.23291015625,0,0.014327707963112073,1.0,1.0,0.0014722419854922171,0.0,0.0,0.014473603321955754,1.0,1.0,0.0014722419854922171,0.0,0.0,0.050678733067634776,1.0,1.0,0.0014722419854922171,0.0,0.0,15.670573954337623,0.04340128921635019,5.83324032796111,5.8766416171774605,16.115998300964026,120.51982474197575,3222.4728216489893,,,,,,,,,,
60,4.74364402049627,5.2239885633046024e-05,0.27560926792837914,0.9986178807547598,52.33309187399573,3126.5302835169423,198.18340343455276,22.120423954523478,3659.23291015625,0,0.014285387136997322,1.0,1.0,0.001411906897257536,0.0,0.0,0.014394188538575783,1.0,1.0,0.001411906897257536,0.0,0.0,0.0504839878815871,1.0,1.0,0.001411906897257536,0.0,0.0,15.730814423780734,0.04289183226109554,5.799487211893743,5.842379044154838,16.173425885939743,131.53868722596962,3286.2902296200045,49.26,0.0037354708183556795,2.2469981964111327,6.644294738769531,49.66,0.003683380549773574,2.1535121948242186,6.561577320098877,0.010286817327141762,11.018862483993871
61,4.724837309274918,5.011535596855461e-05,0.2809595232148763,0.9986773280357208,52.51053948799381,3179.040823004936,198.61665957040924,22.387603487564213,3659.23291015625,0,0.014174579045711419,1.0,1.0,0.0013521516170257176,0.0,0.0,0.014207994326567039,1.0,1.0,0.0013521516170257176,0.0,0.0,0.050366505598410584,1.0,1.0,0.0013521516170257176,0.0,0.0,15.876854180532973,0.0438843385498517,5.913599115536692,5.957483454086543,16.322205308638214,131.53868722596962,3339.2339179589762,,,,,,,,,,
62,4.7027050868058815,4.8006526494275864e-05,0.2862496110988049,0.9987361067899867,52.07318629001384,3231.11400929495,198.78604585914545,22.63266855115011,3659.23291015625,0,0.014102492576990372,1.0,1.0,0.0012930362270428585,0.0,0.0,0.014203235124930358,1.0,1.0,0.0012930362270428585,0.0,0.0,0.050530519240941756,1.0,1.0,0.0012930362270428585,0.0,0.0,16.09820439793671,0.04394695506795333,5.92720812169435,5.971155076762303,16.552131295425053,131.53868722596962,3391.7312619219883,,,,,,,,,,
63,4.6992977521358394,4.5915966860080655e-05,0.2914743102327766,0.9987941590025864,52.115784205001546,3283.2297934999515,199.03499991666578,22.41423916674625,3659.23291015625,0,0.01399147969025832,1.0,1.0,0.0012346178484268677,0.0,0.0,0.014041601083217522,1.0,1.0,0.0012346178484268677,0.0,0.0,0.050307830174764,1.0,1.0,0.0012346178484268677,0.0,0.0,15.946058385359207,0.0441064104775134,5.866567020488079,5.910673430965592,16.39539321256915,131.53868722596962,3444.280383414007,,,,,,,,,,
64,4.662747806463486,4.384622445368326e-05,0.29662846380847796,0.9988514273756498,52.055384854000295,3335.285178353952,200.324639012158,22.46962160167571,3659.23291015625,0,0.013997994936429538,1.0,1.0,0.001176955894781993,0.0,0.0,0.014014479441520495,1.0,1.0,0.001176955894781993,0.0,0.0,0.050567565820156,1.0,1.0,0.001176955894781993,0.0,0.0,15.958280719179385,0.04410868766568362,5.898084956033227,5.942193643698911,16.41691687277321,131.53868722596962,3496.744575874007,,,,,,,,,,
65,4.6596014102300005,4.179982129659952e-05,0.30170698464647033,0.9989078553849607,52.38240659900475,3387.6675849529565,198.4939802820848,22.311202609181727,3659.23291015625,0,0.013850901371393448,1.0,1.0,0.0011201054813005985,0.0,0.0,0.013874413111271003,1.0,1.0,0.0011201054813005985,0.0,0.0,0.050570564392285466,1.0,1.0,0.0011201054813005985,0.0,0.0,15.839518312602126,0.04455222985528123,5.876556168144676,5.921108397999958,16.28329752379497,142.60709753596166,3560.654342435999,50.26,0.003730633994564414,2.1550199840545656,6.61607027053833,50.24,0.0036618728190660477,2.03783779296875,6.515546798706055,0.009147644974291325,11.068410309992032
66,4.626368959744771,3.9779250971014485e-05,0.3067048602172654,0.9989633873357474,53.43779703899054,3441.105381991947,200.7864675716309,22.400826308279274,3659.23291015625,0,0.01374722291261722,1.0,1.0,0.001064123538060066,0.0,0.0,0.013779773161961483,1.0,1.0,0.001064123538060066,0.0,0.0,0.05067901427929218,1.0,1.0,0.001064123538060066,0.0,0.0,15.847454155169917,0.04521813575709716,5.939937261782455,5.985155397539552,16.303021980162995,142.60709753596166,3614.961345449963,,,,,,,,,,
67,4.62224923647367,3.7786975581303954e-05,0.3116171575887206,0.9990179684176524,52.59357037500013,3493.698952366947,200.5893678840202,22.661148776443532,3659.23291015625,0,0.013659310646546192,1.0,1.0,0.0010090656578540802,0.0,0.0,0.013655262115674142,1.0,1.0,0.0010090656578540802,0.0,0.0,0.05054129392672808,1.0,1.0,0.0010090656578540802,0.0,0.0,16.111484037537593,0.04523935916576869,5.938732776065501,5.983972135231269,16.56422450375827,142.60709753596166,3668.0199432999943,,,,,,,,,,
68,4.608129107035124,3.582542275391206e-05,0.3164390282948721,0.9990715447588319,53.838221697020344,3547.5371740639675,198.67156361578964,22.459890455558288,3659.23291015625,0,0.013608130124899058,1.0,1.0,0.0009549859051521008,0.0,0.0,0.013519794513017703,1.0,1.0,0.0009549859051521008,0.0,0.0,0.05054044112181052,1.0,1.0,0.0009549859051521008,0.0,0.0,15.971486582249128,0.044178428092541605,5.888108550817169,5.93228697890971,16.418417331759628,142.60709753596166,3722.318916874996,,,,,,,,,,
69,4.590599512442564,3.389698267924121e-05,0.3211657131213984,0.9991240634791266,54.02910332099418,3601.5662773849617,196.2874811021417,22.045182796062317,3659.23291015625,0,0.013594427169897618,1.0,1.0,0.0009019373892209468,0.0,0.0,0.013484106614039494,1.0,1.0,0.0009019373892209468,0.0,0.0,0.050708724902226374,1.0,1.0,0.0009019373892209468,0.0,0.0,15.617332216956688,0.043279865983491525,5.835507802354793,5.878787668338284,16.06005294142494,142.60709753596166,3776.794664111978,,,,,,,,,,
70,4.590160663311298,3.200400519915837e-05,0.32579254680299274,0.9991754727422555,52.19374114499078,3653.7600185299525,198.63606174439133,22.18211268709871,3659.23291015625,0,0.013538647920657426,1.0,1.0,0.0008499725506855891,0.0,0.0,0.01337959674688486,1.0,1.0,0.0008499725506855891,0.0,0.0,0.050841230612534746,1.0,1.0,0.0008499725506855891,0.0,0.0,15.755380629203641,0.04317102642604508,5.831268595312185,5.8744396217382295,16.201294092006254,153.75151472796279,3840.598745379015,50.48,0.003726270282641053,2.080016524505615,6.593721389770508,50.66,0.003687700256705284,1.9698165279388429,6.5261383056640625,0.007364304736256599,11.144417192001129
71,4.56705057926667,3.0148796943666905e-05,0.3303149626280069,0.9992257218069779,52.02475997401052,3705.784778503963,199.68795992798943,22.501474602904636,3659.23291015625,0,0.01349268356959025,1.0,1.0,0.0007991428272082255,0.0,0.0,0.013349360380417261,1.0,1.0,0.0007991428272082255,0.0,0.0,0.0507965149023594,1.0,1.0,0.0007991428272082255,0.0,0.0,15.980190096366314,0.04490390207278184,5.9109988832437335,5.955902785316516,16.434160390464314,153.75151472796279,3893.0911740289885,,,,,,,,,,
72,4.535980562369029,2.8333618520232886e-05,0.334728496945822,0.9992747610771758,52.41452958001173,3758.1993080839748,199.82643133362916,22.897605023433407,3659.23291015625,0,0.013407687346140543,1.0,1.0,0.0007494986057281494,0.0,0.0,0.013151174936539087,1.0,1.0,0.0007494986057281494,0.0,0.0,0.05082031396719126,1.0,1.0,0.0007494986057281494,0.0,0.0,16.274923409256214,0.0454697700871083,6.004446807566684,6.049916577653792,16.733896659085683,153.75151472796279,3945.9533525320003,,,,,,,,,,
73,4.543461070610927,2.6560681759190802e-05,0.3390287935724975,0.9993225421508055,52.449487164005404,3810.64879524798,198.3556700833082,22.308497449557763,3659.23291015625,0,0.013347900830782376,1.0,1.0,0.0007010883627793727,0.0,0.0,0.013063849546970466,1.0,1.0,0.0007010883627793727,0.0,0.0,0.05084558939322447,1.0,1.0,0.0007010883627793727,0.0,0.0,15.847251685791447,0.04349688690406485,5.8605113146581855,5.904008201562251,16.295418775161334,153.75151472796279,3998.824232193001,,,,,,,,,,
74,4.524733864344084,2.4832147018585086e-05,0.34321160809035,0.9993690178676705,53.75577704698662,3864.404572294967,199.27676750674624,22.46776907701039,3659.23291015625,0,0.013235529263814291,1.0,1.0,0.0006539602405749834,0.0,0.0,0.013009028557019357,1.0,1.0,0.0006539602405749834,0.0,0.0,0.05090626692160582,1.0,1.0,0.0006539602405749834,0.0,0.0,15.9599154169719,0.04517876928170713,5.899372890827437,5.944551660109144,16.411831089032766,153.75151472796279,4053.0750144979684,,,,,,,,,,
75,4.525623345986391,2.31501205517318e-05,0.3472728120372182,0.999414142355969,52.56119321400183,3916.9657655089686,199.72675159060134,22.608995549746442,3659.23291015625,0,0.01321703959734012,1.0,1.0,0.000608160614203184,0.0,0.0,0.012990737572694436,1.0,1.0,0.000608160614203184,0.0,0.0,0.05102538756835155,1.0,1.0,0.000608160614203184,0.0,0.0,16.061924777228015,0.04528153136235256,5.928431198602387,5.973712729964739,16.52216509272619,165.32842981196882,4117.638049677014,50.86,0.00371841830201447,2.026159670639038,6.57663106918335,51.32,0.0036654879804700613,1.951565936279297,6.552461624145508,0.005427141673862934,11.576915084006032
76,4.514639102495634,2.1516651940707662e-05,0.35120839698127887,0.9994578710775698,52.02920548399561,3968.994970992964,199.3548178031163,22.059006717963477,3659.23291015625,0,0.013175637294084597,1.0,1.0,0.0005637348080292726,0.0,0.0,0.012898668264731383,1.0,1.0,0.0005637348080292726,0.0,0.0,0.05128008280044947,1.0,1.0,0.0005637348080292726,0.0,0.0,15.63287406856827,0.044016480760780186,5.818682244399754,5.862698725160533,16.08472905522481,165.32842981196882,4170.080292480008,,,,,,,,,,
77,4.51321546236674,1.993373159889445e-05,0.3550144784773923,0.999500160871971,52.2232852060115,4021.2182561989757,199.40452383814727,22.389605667483874,3659.23291015625,0,0.013164888589810103,1.0,1.0,0.0005207270001753783,0.0,0.0,0.012859133573678823,1.0,1.0,0.0005207270001753783,0.0,0.0,0.05147653359633226,1.0,1.0,0.0005207270001753783,0.0,0.0,15.938452000764068,0.04503423760746582,5.848685585265346,5.8937198228728125,16.385500448776813,165.32842981196882,4222.742975071014,,,,,,,,,,
78,4.48327236297803,1.8403288345621353e-05,0.3586872999010721,0.9995409699989009,52.248285132984165,4073.46654133196,198.62843776970223,22.28058944866718,3659.23291015625,0,0.013122254457229223,1.0,1.0,0.0004791785986759724,0.0,0.0,0.012819245839730287,1.0,1.0,0.0004791785986759724,0.0,0.0,0.0517271298628587,1.0,1.0,0.0004791785986759724,0.0,0.0,15.807927833147682,0.0455194936083176,5.868281981234666,5.913801474842983,16.25568339733992,165.32842981196882,4275.411413558992,,,,,,,,,,
79,4.483254819344252,1.69271870558611e-05,0.3622232361562955,0.9995802581795143,52.42044375199475,4125.886985083955,198.9821424621578,22.088126411313752,3659.23291015625,0,0.013043447946890807,1.0,1.0,0.0004391315369269787,0.0,0.0,0.012753822100468172,1.0,1.0,0.0004391315369269787,0.0,0.0,0.052067860578879334,1.0,1.0,0.0004391315369269787,0.0,0.0,15.664031967156543,0.04438772996833835,5.823495059583085,5.867882789551424,16.110717844126974,165.32842981196882,4328.253122527967,,,,,,,,,,
80,4.486848546908452,1.550722638784325e-05,0.3656187972534938,0.99961798663615,52.593399117002264,4178.480384200957,199.93777987241256,22.77870927094064,3659.23291015625,0,0.013035537340702156,1.0,1.0,0.0004006251215170591,0.0,0.0,0.012726381803170228,1.0,1.0,0.0004006251215170591,0.0,0.0,0.05238001163189228,1.0,1.0,0.0004006251215170591,0.0,0.0,16.212046679030234,0.04743809497598798,5.939324005269625,5.986762100245612,16.67372519314552,176.4940972339682,4392.426376689982,51.12,0.003722818335518241,1.997093994140625,6.571500301361084,52.1,0.0037359080743044615,1.8928410575866699,6.501190662384033,0.004335926845669746,11.165667421999387
81,4.468659920570178,1.4145136591354109e-05,0.36887063175419266,0.9996541181306021,53.32469200500054,4231.805076205957,201.4437912372299,22.849994633781115,3659.23291015625,0,0.013012933425414257,1.0,1.0,0.0003636972739910468,0.0,0.0,0.012703248323538365,1.0,1.0,0.0003636972739910468,0.0,0.0,0.05264354363465921,1.0,1.0,0.0003636972739910468,0.0,0.0,16.225370878647738,0.04603802330959111,6.000167774543978,6.0462057978535695,16.687902590209166,176.4940972339682,4446.17285083601,,,,,,,,,,
82,4.457655492501381,1.2842577399393641e-05,0.3719755300789012,0.9996886170008766,52.62295752100181,4284.428033726959,201.0462605713446,23.045018726127008,3659.23291015625,0,0.012987512808579665,1.0,1.0,0.0003283844353296818,0.0,0.0,0.012665654604251567,1.0,1.0,0.0003283844353296818,0.0,0.0,0.052973294869447365,1.0,1.0,0.0003283844353296818,0.0,0.0,16.42730124970116,0.04561709535594743,5.993450692375728,6.039067787731676,16.888671781858786,176.4940972339682,4499.216898478975,,,,,,,,,,
83,4.452390896968352,1.1601136005758345e-05,0.3749304276749854,0.9997214491963887,53.34989026800031,4337.77792399496,199.14994263989428,22.389435089747003,3659.23291015625,0,0.012994587421417236,1.0,1.0,0.00029472137490908307,0.0,0.0,0.012639654752535697,1.0,1.0,0.00029472137490908307,0.0,0.0,0.05332333613664676,1.0,1.0,0.00029472137490908307,0.0,0.0,15.852501774460483,0.04393009051758175,5.917567648747279,5.961497739264861,16.314510603059226,176.4940972339682,4552.987798772985,,,,,,,,,,
84,4.462269202256814,1.0422325131014726e-05,0.3777324080413993,0.999752582311571,52.26996158499969,4390.047885579959,199.44534752982852,22.24631850717392,3659.23291015625,0,0.013004376338078426,1.0,1.0,0.0002627415487017387,0.0,0.0,0.01263955770394741,1.0,1.0,0.0002627415487017387,0.0,0.0,0.053763738045325644,1.0,1.0,0.0002627415487017387,0.0,0.0,15.808864622391784,0.04370934076201266,5.842561288609898,5.886270629371911,16.25310594905526,176.4940972339682,4605.720114687982,,,,,,,,,,
85,4.464244691225199,9.30758117921963e-06,0.3803787056072886,0.9997819856178588,52.02755213799537,4442.075437717955,199.67937914696404,22.554819307585532,3659.23291015625,0,0.013011626708201872,1.0,1.0,0.00023247640675459153,0.0,0.0,0.01260683169731727,1.0,1.0,0.00023247640675459153,0.0,0.0,0.05420503249535194,1.0,1.0,0.00023247640675459153,0.0,0.0,15.98260444715822,0.04448594812017221,5.960813813427917,6.005299761548089,16.439485920739408,187.51028264798515,4669.232779721962,51.54,0.003723806468769908,1.9849156433105468,6.571650981903076,51.8,0.003745761699974537,1.8898815090179444,6.522995948791504,0.00374973239377141,11.016185414016945
86,4.454293063053718,8.258262487633986e-06,0.38286670846162507,0.999809630094018,52.20956112901331,4494.284998846968,199.4701643337836,22.459766558686404,3659.23291015625,0,0.01302335201165615,1.0,1.0,0.00020395579915016124,0.0,0.0,0.01262423243278112,1.0,1.0,0.00020395579915016124,0.0,0.0,0.054600147100595325,1.0,1.0,0.00020395579915016124,0.0,0.0,15.938849680167504,0.044483980253482096,5.911229638746963,5.955713619000446,16.39073629541179,187.51028264798515,4721.91013460001,,,,,,,,,,
87,4.458745372601045,7.275647671562291e-06,0.3851939609311778,0.9998354884547909,52.29781805598759,4546.5828169029555,199.70120554446626,23.042109890248422,3659.23291015625,0,0.01303253724024846,1.0,1.0,0.00017720794018644554,0.0,0.0,0.01261283801152156,1.0,1.0,0.00017720794018644554,0.0,0.0,0.0549933726970966,1.0,1.0,0.00017720794018644554,0.0,0.0,16.397737973677113,0.04543151254228388,6.021320852130138,6.066752364672422,16.862636180005023,187.51028264798515,4774.675620343012,,,,,,,,,,
88,4.447964139473744,6.360934066334893e-06,0.3873581660042769,0.9998595351778253,53.515783987997565,4600.098600890953,198.99607126959987,22.303069236491304,3659.23291015625,0,0.013051285193516659,1.0,1.0,0.00015225916957625977,0.0,0.0,0.012602990254377708,1.0,1.0,0.00015225916957625977,0.0,0.0,0.05534822512895633,1.0,1.0,0.00015225916957625977,0.0,0.0,15.80839191760438,0.04476858176088008,5.8803326420065085,5.925101223767389,16.26388005761561,187.51028264798515,4828.677672088961,,,,,,,,,,
89,4.447063896900568,5.515236268331609e-06,0.3893571875979774,0.9998817465288664,60.39684932099772,4660.495450211951,200.1717768711014,22.04642414831025,3659.23291015625,0,0.013076872397691775,1.0,1.0,0.0001291340479675012,0.0,0.0,0.01259614871098445,1.0,1.0,0.0001291340479675012,0.0,0.0,0.05574486194512783,1.0,1.0,0.0001291340479675012,0.0,0.0,15.633622001377471,0.04440142369369427,5.808294520158177,5.852695943851872,16.083590361888174,187.51028264798515,4889.504122886981,,,,,,,,,,
90,4.429954865039924,4.739584776824154e-06,0.3911890526663853,0.999902100585182,52.27130965399556,4712.766759865946,199.47649188468813,22.17264359616167,3659.23291015625,0,0.013096213340759277,1.0,1.0,0.00010785553604364395,0.0,0.0,0.012612666839208359,1.0,1.0,0.00010785553604364395,0.0,0.0,0.05619105314597105,1.0,1.0,0.00010785553604364395,0.0,0.0,15.715775685795307,0.04476596670708834,5.838427822126482,5.88319378883357,16.17340339651445,198.723332095964,4953.414390995982,51.6,0.0037244539707899094,1.9699982570648193,6.564951419830322,52.66,0.003728647017851472,1.866382290649414,6.508021354675293,0.003399378154426813,11.213049447978847
91,4.437044209394699,4.0349247382927836e-06,0.39285195314806576,0.9999205772572007,52.77211409001029,4765.538873955957,211.732017761768,22.947699455424953,3659.23291015625,0,0.013118120340200571,1.0,1.0,8.844461841269945e-05,0.0,0.0,0.012624844526633238,1.0,1.0,8.844461841269945e-05,0.0,0.0,0.056610523126064204,1.0,1.0,8.844461841269945e-05,0.0,0.0,16.061067558975758,0.17917367259565836,6.020356865916162,6.199530538511821,16.629663033363148,198.723332095964,5006.645276042982,,,,,,,,,,
92,4.438814004262288,3.4021147947467664e-06,0.3943442477506096,0.9999371583083401,52.32233578202431,4817.861209737981,198.13174598041374,22.172259647796192,3659.23291015625,0,0.013151231484535413,1.0,1.0,7.092044091759584e-05,0.0,0.0,0.012644650844427256,1.0,1.0,7.092044091759584e-05,0.0,0.0,0.057026257881751426,1.0,1.0,7.092044091759584e-05,0.0,0.0,15.719168722847453,0.043763332471896246,5.8597366266603315,5.903499959132228,16.162650228346674,198.723332095964,5059.399430783989,,,,,,,,,,
93,4.433714154439095,2.8419260374524072e-06,0.39566446357059887,0.9999518273730067,51.776662566990126,4869.637872304971,199.3999936023148,21.818751390151775,3659.23291015625,0,0.01318823679899558,1.0,1.0,5.530018526583146e-05,0.0,0.0,0.01266376712383368,1.0,1.0,5.530018526583146e-05,0.0,0.0,0.0574334217951848,1.0,1.0,5.530018526583146e-05,0.0,0.0,15.466132334087234,0.04260551138894442,5.763941691092884,5.806547202481829,15.906831335413676,198.723332095964,5111.6628008660045,,,,,,,,,,
94,4.430687062251262,2.3550410673433015e-06,0.3968112975473709,0.9999645699727485,51.965105712995864,4921.602978017967,197.9226946740453,22.166654007704867,3659.23291015625,0,0.013224600217281243,1.0,1.0,4.1599412305423845e-05,0.0,0.0,0.012692996324636998,1.0,1.0,4.1599412305423845e-05,0.0,0.0,0.05785075212136293,1.0,1.0,4.1599412305423845e-05,0.0,0.0,15.743019582423118,0.044828463824859895,5.827327993196937,5.872156457021797,16.188654599738165,198.723332095964,5164.097673649958,,,,,,,,,,
95,4.434446224799523,1.9420531632576836e-06,0.3977836177491466,0.9999753735305461,54.004688431014074,4975.607666448981,198.05605171206525,22.294656462364426,3659.23291015625,0,0.013269361777183337,1.0,1.0,2.983156651353989e-05,0.0,0.0,0.012726244253989978,1.0,1.0,2.983156651353989e-05,0.0,0.0,0.058258588497455306,1.0,1.0,2.983156651353989e-05,0.0,0.0,15.775089487784172,0.04303009747020088,5.926440634469215,5.969470731939416,16.21902535276977,209.72863148596662,5229.597288279969,51.48,0.0037243354599922895,1.962013542175293,6.556648254394531,52.68,0.0037163670640438795,1.8683058982849121,6.512894630432129,0.003043556585907936,11.00529939000262
96,4.434255598447262,1.6034655590166845e-06,0.398580464490254,0.999984227383225,52.962876237987075,5028.570542686968,198.68012812199035,22.233108140659542,3659.23291015625,0,0.013315301675062913,1.0,1.0,2.0008305839907665e-05,0.0,0.0,0.012760678162941566,1.0,1.0,2.0008305839907665e-05,0.0,0.0,0.058658263622186124,1.0,1.0,2.0008305839907665e-05,0.0,0.0,15.809862736951358,0.04333463640740284,5.831830121258883,5.875164757666285,16.25147408851309,209.72863148596662,5283.042093655968,,,,,,,,,,
97,4.424361756214728,1.3396908302240381e-06,0.3992010512783432,0.9999911227919815,51.959654167003464,5080.530196853972,198.73505818675488,22.05621564028731,3659.23291015625,0,0.013357251118390989,1.0,1.0,1.2139302457515629e-05,0.0,0.0,0.012799411247938108,1.0,1.0,1.2139302457515629e-05,0.0,0.0,0.05902854601542155,1.0,1.0,1.2139302457515629e-05,0.0,0.0,15.675769674066359,0.04285591701493384,5.791738261065732,5.834594178080666,16.115928872843654,209.72863148596662,5335.482322051015,,,,,,,,,,
98,4.431159687347901,1.1510503915346781e-06,0.39964476559065915,0.9999960529510074,52.286833505000686,5132.817030358972,198.49250829037584,22.125279687222644,3659.23291015625,0,0.01340411412410247,1.0,1.0,6.232332312860168e-06,0.0,0.0,0.012845312937712058,1.0,1.0,6.232332312860168e-06,0.0,0.0,0.059407637669489935,1.0,1.0,6.232332312860168e-06,0.0,0.0,15.719022838964474,0.04264467320470617,5.815290863654063,5.857935536858769,16.160961640707683,209.72863148596662,5388.248624506989,,,,,,,,,,
99,4.416890365955157,1.0377741050047055e-06,0.399911169478605,0.9999990129942067,52.19835119700292,5185.015381555975,197.9802116467722,22.28848141795681,3659.23291015625,0,0.013454794883728027,1.0,1.0,2.2932182242258045e-06,0.0,0.0,0.012888686779217843,1.0,1.0,2.2932182242258045e-06,0.0,0.0,0.05978662539751102,1.0,1.0,2.2932182242258045e-06,0.0,0.0,15.838230530789588,0.0434246732113071,5.854765364067414,5.898190037278721,16.2826546448065,209.72863148596662,5440.914395567961,,,,,,,,,,
100,4.430062220646785,1e-06,0.4,1.0,53.885787164006615,5238.901168719982,197.8376141229931,22.26526994229808,3659.23291015625,0,0.01350247248625144,1.0,1.0,3.2585595386663977e-07,0.0,0.0,0.012934712263254019,1.0,1.0,3.2585595386663977e-07,0.0,0.0,0.06016207352662698,1.0,1.0,3.2585595386663977e-07,0.0,0.0,15.786896267971501,0.04335961570270742,5.879202422362048,5.922562038064755,16.233648082281714,220.74543609195098,5506.295560094004,51.46,0.0037243335973471403,1.982098785018921,6.582146644592285,52.58,0.0037197163328528404,1.8786931907653808,6.532670021057129,0.003120552049949765,11.016804605984362
